tow_truck_id,node_id,timestamp
1,7,2024-07-25T05:47:41.829548+00:00
2,15,2024-07-25T05:47:41.831972+00:00
3,2,2024-07-25T05:47:41.832099+00:00
4,7,2024-07-25T05:47:41.832225+00:00
5,9,2024-07-25T05:47:41.832351+00:00
6,1,2024-07-25T05:47:41.832476+00:00
7,14,2024-07-25T05:47:41.832602+00:00
8,10,2024-07-25T05:47:41.832727+00:00
9,5,2024-07-25T05:47:41.832853+00:00
10,14,2024-07-25T05:47:41.832978+00:00
11,26,2024-07-25T05:47:41.833104+00:00
12,30,2024-07-25T05:47:41.833229+00:00
13,21,2024-07-25T05:47:41.833354+00:00
14,25,2024-07-25T05:47:41.833479+00:00
15,23,2024-07-25T05:47:41.833605+00:00
16,38,2024-07-25T05:47:41.833734+00:00
17,55,2024-07-25T05:47:41.833861+00:00
18,47,2024-07-25T05:47:41.833987+00:00
19,61,2024-07-25T05:47:41.834114+00:00
20,31,2024-07-25T05:47:41.834240+00:00
21,51,2024-07-25T05:47:41.834367+00:00
22,85,2024-07-25T05:47:41.834493+00:00
23,73,2024-07-25T05:47:41.834619+00:00
24,118,2024-07-25T05:47:41.834745+00:00
25,91,2024-07-25T05:47:41.834872+00:00
26,79,2024-07-25T05:47:41.834998+00:00
27,98,2024-07-25T05:47:41.835124+00:00
28,31,2024-07-25T05:47:41.835251+00:00
29,58,2024-07-25T05:47:41.835377+00:00
30,89,2024-07-25T05:47:41.835504+00:00
31,126,2024-07-25T05:47:41.835630+00:00
32,98,2024-07-25T05:47:41.835757+00:00
33,128,2024-07-25T05:47:41.835883+00:00
34,110,2024-07-25T05:47:41.836009+00:00
35,82,2024-07-25T05:47:41.836136+00:00
36,108,2024-07-25T05:47:41.836262+00:00
37,55,2024-07-25T05:47:41.836389+00:00
38,92,2024-07-25T05:47:41.836515+00:00
39,45,2024-07-25T05:47:41.836641+00:00
40,84,2024-07-25T05:47:41.836767+00:00
41,91,2024-07-25T05:47:41.836894+00:00
42,43,2024-07-25T05:47:41.837020+00:00
43,100,2024-07-25T05:47:41.837148+00:00
44,117,2024-07-25T05:47:41.837274+00:00
45,68,2024-07-25T05:47:41.837401+00:00
46,37,2024-07-25T05:47:41.837527+00:00
47,126,2024-07-25T05:47:41.837653+00:00
48,81,2024-07-25T05:47:41.837779+00:00
49,43,2024-07-25T05:47:41.837906+00:00
50,34,2024-07-25T05:47:41.838032+00:00
51,103,2024-07-25T05:47:41.838159+00:00
52,70,2024-07-25T05:47:41.838285+00:00
53,45,2024-07-25T05:47:41.838411+00:00
54,57,2024-07-25T05:47:41.838538+00:00
55,36,2024-07-25T05:47:41.838665+00:00
56,71,2024-07-25T05:47:41.838791+00:00
57,35,2024-07-25T05:47:41.838917+00:00
58,81,2024-07-25T05:47:41.839043+00:00
59,72,2024-07-25T05:47:41.839170+00:00
60,81,2024-07-25T05:47:41.839296+00:00
61,31,2024-07-25T05:47:41.839422+00:00
62,121,2024-07-25T05:47:41.839548+00:00
63,128,2024-07-25T05:47:41.839675+00:00
64,74,2024-07-25T05:47:41.839801+00:00
65,98,2024-07-25T05:47:41.839927+00:00
66,167,2024-07-25T05:47:41.840054+00:00
67,165,2024-07-25T05:47:41.840180+00:00
68,155,2024-07-25T05:47:41.840306+00:00
69,226,2024-07-25T05:47:41.840432+00:00
70,215,2024-07-25T05:47:41.840558+00:00
71,157,2024-07-25T05:47:41.840684+00:00
72,174,2024-07-25T05:47:41.840810+00:00
73,199,2024-07-25T05:47:41.840936+00:00
74,190,2024-07-25T05:47:41.841062+00:00
75,219,2024-07-25T05:47:41.841189+00:00
76,149,2024-07-25T05:47:41.841314+00:00
77,222,2024-07-25T05:47:41.841441+00:00
78,220,2024-07-25T05:47:41.841567+00:00
79,152,2024-07-25T05:47:41.841693+00:00
80,154,2024-07-25T05:47:41.841821+00:00
81,148,2024-07-25T05:47:41.841947+00:00
82,185,2024-07-25T05:47:41.842073+00:00
83,147,2024-07-25T05:47:41.842199+00:00
84,184,2024-07-25T05:47:41.842325+00:00
85,217,2024-07-25T05:47:41.842451+00:00
86,157,2024-07-25T05:47:41.842577+00:00
87,160,2024-07-25T05:47:41.842703+00:00
88,160,2024-07-25T05:47:41.842829+00:00
89,166,2024-07-25T05:47:41.842955+00:00
90,168,2024-07-25T05:47:41.843080+00:00
91,149,2024-07-25T05:47:41.843207+00:00
92,186,2024-07-25T05:47:41.843332+00:00
93,159,2024-07-25T05:47:41.843459+00:00
94,160,2024-07-25T05:47:41.843585+00:00
95,151,2024-07-25T05:47:41.843711+00:00
96,183,2024-07-25T05:47:41.843837+00:00
97,215,2024-07-25T05:47:41.843963+00:00
98,177,2024-07-25T05:47:41.844089+00:00
99,173,2024-07-25T05:47:41.844216+00:00
100,155,2024-07-25T05:47:41.844342+00:00
101,161,2024-07-25T05:47:41.844469+00:00
102,160,2024-07-25T05:47:41.844595+00:00
103,146,2024-07-25T05:47:41.844721+00:00
104,211,2024-07-25T05:47:41.844847+00:00
105,219,2024-07-25T05:47:41.844974+00:00
106,156,2024-07-25T05:47:41.845100+00:00
107,203,2024-07-25T05:47:41.845227+00:00
108,147,2024-07-25T05:47:41.845353+00:00
109,155,2024-07-25T05:47:41.845479+00:00
110,158,2024-07-25T05:47:41.845606+00:00
111,190,2024-07-25T05:47:41.845732+00:00
112,150,2024-07-25T05:47:41.845859+00:00
113,142,2024-07-25T05:47:41.845986+00:00
114,201,2024-07-25T05:47:41.846112+00:00
115,131,2024-07-25T05:47:41.846238+00:00
116,257,2024-07-25T05:47:41.846376+00:00
117,428,2024-07-25T05:47:41.846514+00:00
118,496,2024-07-25T05:47:41.846648+00:00
119,1194,2024-07-25T05:47:41.846788+00:00
120,880,2024-07-25T05:47:41.846932+00:00
121,517,2024-07-25T05:47:41.847081+00:00
122,1185,2024-07-25T05:47:41.847216+00:00
123,622,2024-07-25T05:47:41.847351+00:00
124,559,2024-07-25T05:47:41.847485+00:00
125,717,2024-07-25T05:47:41.847619+00:00
126,556,2024-07-25T05:47:41.847752+00:00
127,675,2024-07-25T05:47:41.847887+00:00
128,1135,2024-07-25T05:47:41.848020+00:00
129,469,2024-07-25T05:47:41.848154+00:00
130,715,2024-07-25T05:47:41.848287+00:00
131,517,2024-07-25T05:47:41.848421+00:00
132,311,2024-07-25T05:47:41.848554+00:00
133,763,2024-07-25T05:47:41.848688+00:00
134,1144,2024-07-25T05:47:41.848822+00:00
135,826,2024-07-25T05:47:41.848955+00:00
136,863,2024-07-25T05:47:41.849089+00:00
137,382,2024-07-25T05:47:41.849245+00:00
138,1110,2024-07-25T05:47:41.849406+00:00
139,472,2024-07-25T05:47:41.849555+00:00
140,583,2024-07-25T05:47:41.849693+00:00
141,265,2024-07-25T05:47:41.849831+00:00
142,1132,2024-07-25T05:47:41.849968+00:00
143,1126,2024-07-25T05:47:41.850105+00:00
144,482,2024-07-25T05:47:41.850247+00:00
145,474,2024-07-25T05:47:41.850403+00:00
146,645,2024-07-25T05:47:41.850540+00:00
147,367,2024-07-25T05:47:41.850678+00:00
148,873,2024-07-25T05:47:41.850819+00:00
149,284,2024-07-25T05:47:41.850957+00:00
150,1221,2024-07-25T05:47:41.851094+00:00
151,743,2024-07-25T05:47:41.851231+00:00
152,841,2024-07-25T05:47:41.851380+00:00
153,1216,2024-07-25T05:47:41.851518+00:00
154,977,2024-07-25T05:47:41.851654+00:00
155,433,2024-07-25T05:47:41.851792+00:00
156,514,2024-07-25T05:47:41.851931+00:00
157,759,2024-07-25T05:47:41.852068+00:00
158,799,2024-07-25T05:47:41.852205+00:00
159,426,2024-07-25T05:47:41.852346+00:00
160,750,2024-07-25T05:47:41.852486+00:00
161,1224,2024-07-25T05:47:41.852623+00:00
162,1227,2024-07-25T05:47:41.852760+00:00
163,1136,2024-07-25T05:47:41.852897+00:00
164,245,2024-07-25T05:47:41.853045+00:00
165,691,2024-07-25T05:47:41.853182+00:00
166,275,2024-07-25T05:47:41.853319+00:00
167,1143,2024-07-25T05:47:41.853456+00:00
168,929,2024-07-25T05:47:41.853593+00:00
169,932,2024-07-25T05:47:41.853730+00:00
170,1122,2024-07-25T05:47:41.853868+00:00
171,645,2024-07-25T05:47:41.854007+00:00
172,358,2024-07-25T05:47:41.854144+00:00
173,603,2024-07-25T05:47:41.854282+00:00
174,465,2024-07-25T05:47:41.854419+00:00
175,555,2024-07-25T05:47:41.854557+00:00
176,1050,2024-07-25T05:47:41.854694+00:00
177,1213,2024-07-25T05:47:41.854845+00:00
178,654,2024-07-25T05:47:41.854982+00:00
179,690,2024-07-25T05:47:41.855119+00:00
180,329,2024-07-25T05:47:41.855256+00:00
181,405,2024-07-25T05:47:41.855393+00:00
182,1030,2024-07-25T05:47:41.855531+00:00
183,1215,2024-07-25T05:47:41.855668+00:00
184,236,2024-07-25T05:47:41.855805+00:00
185,1136,2024-07-25T05:47:41.855942+00:00
186,1066,2024-07-25T05:47:41.856080+00:00
187,748,2024-07-25T05:47:41.856220+00:00
188,453,2024-07-25T05:47:41.856357+00:00
189,473,2024-07-25T05:47:41.856495+00:00
190,917,2024-07-25T05:47:41.856643+00:00
191,805,2024-07-25T05:47:41.856784+00:00
192,541,2024-07-25T05:47:41.856921+00:00
193,679,2024-07-25T05:47:41.857058+00:00
194,894,2024-07-25T05:47:41.857195+00:00
195,232,2024-07-25T05:47:41.857332+00:00
196,956,2024-07-25T05:47:41.857470+00:00
197,437,2024-07-25T05:47:41.857607+00:00
198,446,2024-07-25T05:47:41.857744+00:00
199,510,2024-07-25T05:47:41.857881+00:00
200,546,2024-07-25T05:47:41.858018+00:00
201,914,2024-07-25T05:47:41.858155+00:00
202,1029,2024-07-25T05:47:41.858292+00:00
203,276,2024-07-25T05:47:41.858441+00:00
204,1042,2024-07-25T05:47:41.858581+00:00
205,1030,2024-07-25T05:47:41.858718+00:00
206,1117,2024-07-25T05:47:41.858855+00:00
207,473,2024-07-25T05:47:41.858996+00:00
208,582,2024-07-25T05:47:41.859133+00:00
209,512,2024-07-25T05:47:41.859272+00:00
210,733,2024-07-25T05:47:41.859413+00:00
211,841,2024-07-25T05:47:41.859550+00:00
212,984,2024-07-25T05:47:41.859687+00:00
213,414,2024-07-25T05:47:41.859825+00:00
214,769,2024-07-25T05:47:41.859967+00:00
215,297,2024-07-25T05:47:41.860104+00:00
216,491,2024-07-25T05:47:41.860240+00:00
217,288,2024-07-25T05:47:41.860389+00:00
218,893,2024-07-25T05:47:41.860527+00:00
219,916,2024-07-25T05:47:41.860663+00:00
220,312,2024-07-25T05:47:41.860804+00:00
221,1152,2024-07-25T05:47:41.860941+00:00
222,1145,2024-07-25T05:47:41.861078+00:00
223,724,2024-07-25T05:47:41.861215+00:00
224,638,2024-07-25T05:47:41.861352+00:00
225,600,2024-07-25T05:47:41.861490+00:00
226,584,2024-07-25T05:47:41.861626+00:00
227,791,2024-07-25T05:47:41.861763+00:00
228,644,2024-07-25T05:47:41.861901+00:00
229,468,2024-07-25T05:47:41.862038+00:00
230,1185,2024-07-25T05:47:41.862190+00:00
231,872,2024-07-25T05:47:41.862327+00:00
232,928,2024-07-25T05:47:41.862464+00:00
233,803,2024-07-25T05:47:41.862601+00:00
234,1093,2024-07-25T05:47:41.862739+00:00
235,839,2024-07-25T05:47:41.862876+00:00
236,504,2024-07-25T05:47:41.863013+00:00
237,532,2024-07-25T05:47:41.863150+00:00
238,1138,2024-07-25T05:47:41.863287+00:00
239,920,2024-07-25T05:47:41.863425+00:00
240,652,2024-07-25T05:47:41.863562+00:00
241,238,2024-07-25T05:47:41.863699+00:00
242,861,2024-07-25T05:47:41.863849+00:00
243,395,2024-07-25T05:47:41.863986+00:00
244,764,2024-07-25T05:47:41.864124+00:00
245,1037,2024-07-25T05:47:41.864261+00:00
246,318,2024-07-25T05:47:41.864398+00:00
247,369,2024-07-25T05:47:41.864539+00:00
248,814,2024-07-25T05:47:41.864677+00:00
249,1211,2024-07-25T05:47:41.864814+00:00
250,878,2024-07-25T05:47:41.864955+00:00
251,754,2024-07-25T05:47:41.865092+00:00
252,316,2024-07-25T05:47:41.865229+00:00
253,826,2024-07-25T05:47:41.865366+00:00
254,995,2024-07-25T05:47:41.865509+00:00
255,1068,2024-07-25T05:47:41.865653+00:00
256,806,2024-07-25T05:47:41.865791+00:00
257,810,2024-07-25T05:47:41.865928+00:00
258,343,2024-07-25T05:47:41.866066+00:00
259,629,2024-07-25T05:47:41.866202+00:00
260,635,2024-07-25T05:47:41.866339+00:00
261,769,2024-07-25T05:47:41.866479+00:00
262,928,2024-07-25T05:47:41.866615+00:00
263,242,2024-07-25T05:47:41.866752+00:00
264,711,2024-07-25T05:47:41.866891+00:00
265,888,2024-07-25T05:47:41.867028+00:00
266,1116,2024-07-25T05:47:41.867164+00:00
267,1124,2024-07-25T05:47:41.867301+00:00
268,443,2024-07-25T05:47:41.867449+00:00
269,1045,2024-07-25T05:47:41.867586+00:00
270,1077,2024-07-25T05:47:41.867722+00:00
271,875,2024-07-25T05:47:41.867859+00:00
272,731,2024-07-25T05:47:41.867995+00:00
273,773,2024-07-25T05:47:41.868132+00:00
274,417,2024-07-25T05:47:41.868268+00:00
275,830,2024-07-25T05:47:41.868404+00:00
276,793,2024-07-25T05:47:41.868544+00:00
277,493,2024-07-25T05:47:41.868681+00:00
278,610,2024-07-25T05:47:41.868817+00:00
279,577,2024-07-25T05:47:41.868954+00:00
280,1106,2024-07-25T05:47:41.869101+00:00
281,328,2024-07-25T05:47:41.869244+00:00
282,492,2024-07-25T05:47:41.869380+00:00
283,534,2024-07-25T05:47:41.869517+00:00
284,1162,2024-07-25T05:47:41.869654+00:00
285,734,2024-07-25T05:47:41.869790+00:00
286,395,2024-07-25T05:47:41.869927+00:00
287,950,2024-07-25T05:47:41.870063+00:00
288,419,2024-07-25T05:47:41.870200+00:00
289,1162,2024-07-25T05:47:41.870336+00:00
290,732,2024-07-25T05:47:41.870472+00:00
291,336,2024-07-25T05:47:41.870609+00:00
292,622,2024-07-25T05:47:41.870745+00:00
293,401,2024-07-25T05:47:41.870894+00:00
294,484,2024-07-25T05:47:41.871030+00:00
295,694,2024-07-25T05:47:41.871167+00:00
296,492,2024-07-25T05:47:41.871303+00:00
297,1041,2024-07-25T05:47:41.871440+00:00
298,998,2024-07-25T05:47:41.871578+00:00
299,632,2024-07-25T05:47:41.871718+00:00
300,1159,2024-07-25T05:47:41.871855+00:00
301,880,2024-07-25T05:47:41.871991+00:00
302,1213,2024-07-25T05:47:41.872128+00:00
303,440,2024-07-25T05:47:41.872264+00:00
304,1158,2024-07-25T05:47:41.872401+00:00
305,366,2024-07-25T05:47:41.872538+00:00
306,381,2024-07-25T05:47:41.872675+00:00
307,427,2024-07-25T05:47:41.872823+00:00
308,1089,2024-07-25T05:47:41.872960+00:00
309,758,2024-07-25T05:47:41.873096+00:00
310,298,2024-07-25T05:47:41.873233+00:00
311,943,2024-07-25T05:47:41.873369+00:00
312,262,2024-07-25T05:47:41.873506+00:00
313,1021,2024-07-25T05:47:41.873642+00:00
314,829,2024-07-25T05:47:41.873779+00:00
315,540,2024-07-25T05:47:41.873915+00:00
316,1053,2024-07-25T05:47:41.874052+00:00
317,1079,2024-07-25T05:47:41.874188+00:00
318,912,2024-07-25T05:47:41.874324+00:00
319,1079,2024-07-25T05:47:41.874461+00:00
320,524,2024-07-25T05:47:41.874597+00:00
321,781,2024-07-25T05:47:41.874746+00:00
322,718,2024-07-25T05:47:41.874882+00:00
323,765,2024-07-25T05:47:41.875019+00:00
324,1077,2024-07-25T05:47:41.875155+00:00
325,651,2024-07-25T05:47:41.875291+00:00
326,754,2024-07-25T05:47:41.875428+00:00
327,606,2024-07-25T05:47:41.875564+00:00
328,350,2024-07-25T05:47:41.875700+00:00
329,236,2024-07-25T05:47:41.875837+00:00
330,362,2024-07-25T05:47:41.875971+00:00
331,1057,2024-07-25T05:47:41.876103+00:00
332,729,2024-07-25T05:47:41.876240+00:00
333,456,2024-07-25T05:47:41.876373+00:00
334,1151,2024-07-25T05:47:41.876518+00:00
335,306,2024-07-25T05:47:41.876651+00:00
336,248,2024-07-25T05:47:41.876784+00:00
337,696,2024-07-25T05:47:41.876921+00:00
338,1185,2024-07-25T05:47:41.877056+00:00
339,236,2024-07-25T05:47:41.877189+00:00
340,396,2024-07-25T05:47:41.877322+00:00
341,929,2024-07-25T05:47:41.877455+00:00
342,995,2024-07-25T05:47:41.877588+00:00
343,656,2024-07-25T05:47:41.877721+00:00
344,1006,2024-07-25T05:47:41.877854+00:00
345,587,2024-07-25T05:47:41.877987+00:00
346,452,2024-07-25T05:47:41.878120+00:00
347,951,2024-07-25T05:47:41.878253+00:00
348,1110,2024-07-25T05:47:41.878386+00:00
349,1169,2024-07-25T05:47:41.878519+00:00
350,266,2024-07-25T05:47:41.878652+00:00
351,258,2024-07-25T05:47:41.878785+00:00
352,999,2024-07-25T05:47:41.878920+00:00
353,499,2024-07-25T05:47:41.879053+00:00
354,654,2024-07-25T05:47:41.879186+00:00
355,1073,2024-07-25T05:47:41.879320+00:00
356,480,2024-07-25T05:47:41.879454+00:00
357,1047,2024-07-25T05:47:41.879587+00:00
358,774,2024-07-25T05:47:41.879723+00:00
359,584,2024-07-25T05:47:41.879856+00:00
360,938,2024-07-25T05:47:41.879989+00:00
361,1086,2024-07-25T05:47:41.880122+00:00
362,806,2024-07-25T05:47:41.880255+00:00
363,1220,2024-07-25T05:47:41.880388+00:00
364,461,2024-07-25T05:47:41.880533+00:00
365,873,2024-07-25T05:47:41.880666+00:00
366,977,2024-07-25T05:47:41.880803+00:00
367,503,2024-07-25T05:47:41.880936+00:00
368,367,2024-07-25T05:47:41.881070+00:00
369,762,2024-07-25T05:47:41.881203+00:00
370,502,2024-07-25T05:47:41.881336+00:00
371,984,2024-07-25T05:47:41.881469+00:00
372,423,2024-07-25T05:47:41.881605+00:00
373,584,2024-07-25T05:47:41.881738+00:00
374,472,2024-07-25T05:47:41.881872+00:00
375,703,2024-07-25T05:47:41.882008+00:00
376,667,2024-07-25T05:47:41.882141+00:00
377,993,2024-07-25T05:47:41.882274+00:00
378,834,2024-07-25T05:47:41.882408+00:00
379,650,2024-07-25T05:47:41.882544+00:00
380,527,2024-07-25T05:47:41.882677+00:00
381,1168,2024-07-25T05:47:41.882813+00:00
382,863,2024-07-25T05:47:41.882946+00:00
383,680,2024-07-25T05:47:41.883079+00:00
384,669,2024-07-25T05:47:41.883219+00:00
385,1192,2024-07-25T05:47:41.883355+00:00
386,985,2024-07-25T05:47:41.883489+00:00
387,332,2024-07-25T05:47:41.883622+00:00
388,460,2024-07-25T05:47:41.883758+00:00
389,413,2024-07-25T05:47:41.883891+00:00
390,246,2024-07-25T05:47:41.884025+00:00
391,959,2024-07-25T05:47:41.884158+00:00
392,445,2024-07-25T05:47:41.884291+00:00
393,1115,2024-07-25T05:47:41.884424+00:00
394,608,2024-07-25T05:47:41.884557+00:00
395,952,2024-07-25T05:47:41.884690+00:00
396,669,2024-07-25T05:47:41.884823+00:00
397,684,2024-07-25T05:47:41.884959+00:00
398,239,2024-07-25T05:47:41.885093+00:00
399,316,2024-07-25T05:47:41.885235+00:00
400,859,2024-07-25T05:47:41.885376+00:00
401,370,2024-07-25T05:47:41.885509+00:00
402,995,2024-07-25T05:47:41.885646+00:00
403,1034,2024-07-25T05:47:41.885780+00:00
404,666,2024-07-25T05:47:41.885922+00:00
405,529,2024-07-25T05:47:41.886063+00:00
406,650,2024-07-25T05:47:41.886196+00:00
407,817,2024-07-25T05:47:41.886329+00:00
408,519,2024-07-25T05:47:41.886463+00:00
409,1204,2024-07-25T05:47:41.886596+00:00
410,735,2024-07-25T05:47:41.886729+00:00
411,754,2024-07-25T05:47:41.886862+00:00
412,855,2024-07-25T05:47:41.886995+00:00
413,503,2024-07-25T05:47:41.887128+00:00
414,887,2024-07-25T05:47:41.887261+00:00
415,849,2024-07-25T05:47:41.887394+00:00
416,799,2024-07-25T05:47:41.887527+00:00
417,852,2024-07-25T05:47:41.887660+00:00
418,769,2024-07-25T05:47:41.887793+00:00
419,937,2024-07-25T05:47:41.887926+00:00
420,812,2024-07-25T05:47:41.888059+00:00
421,1069,2024-07-25T05:47:41.888192+00:00
422,571,2024-07-25T05:47:41.888326+00:00
423,1183,2024-07-25T05:47:41.888459+00:00
424,547,2024-07-25T05:47:41.888592+00:00
425,1199,2024-07-25T05:47:41.888725+00:00
426,244,2024-07-25T05:47:41.888858+00:00
427,1059,2024-07-25T05:47:41.888993+00:00
428,1067,2024-07-25T05:47:41.889126+00:00
429,837,2024-07-25T05:47:41.889260+00:00
430,753,2024-07-25T05:47:41.889393+00:00
431,264,2024-07-25T05:47:41.889526+00:00
432,884,2024-07-25T05:47:41.889660+00:00
433,635,2024-07-25T05:47:41.889793+00:00
434,426,2024-07-25T05:47:41.889926+00:00
435,886,2024-07-25T05:47:41.890059+00:00
436,567,2024-07-25T05:47:41.890192+00:00
437,803,2024-07-25T05:47:41.890325+00:00
438,803,2024-07-25T05:47:41.890458+00:00
439,370,2024-07-25T05:47:41.890591+00:00
440,822,2024-07-25T05:47:41.890724+00:00
441,482,2024-07-25T05:47:41.890857+00:00
442,968,2024-07-25T05:47:41.890990+00:00
443,282,2024-07-25T05:47:41.891123+00:00
444,940,2024-07-25T05:47:41.891256+00:00
445,822,2024-07-25T05:47:41.891389+00:00
446,695,2024-07-25T05:47:41.891522+00:00
447,1085,2024-07-25T05:47:41.891655+00:00
448,352,2024-07-25T05:47:41.891788+00:00
449,955,2024-07-25T05:47:41.891921+00:00
450,608,2024-07-25T05:47:41.892054+00:00
451,327,2024-07-25T05:47:41.892187+00:00
452,1166,2024-07-25T05:47:41.892320+00:00
453,953,2024-07-25T05:47:41.892453+00:00
454,998,2024-07-25T05:47:41.892586+00:00
455,487,2024-07-25T05:47:41.892719+00:00
456,686,2024-07-25T05:47:41.892852+00:00
457,360,2024-07-25T05:47:41.892985+00:00
458,555,2024-07-25T05:47:41.893118+00:00
459,624,2024-07-25T05:47:41.893251+00:00
460,721,2024-07-25T05:47:41.893384+00:00
461,909,2024-07-25T05:47:41.893521+00:00
462,648,2024-07-25T05:47:41.893654+00:00
463,939,2024-07-25T05:47:41.893787+00:00
464,549,2024-07-25T05:47:41.893920+00:00
465,1103,2024-07-25T05:47:41.894056+00:00
466,764,2024-07-25T05:47:41.894189+00:00
467,1002,2024-07-25T05:47:41.894323+00:00
468,681,2024-07-25T05:47:41.894456+00:00
469,408,2024-07-25T05:47:41.894589+00:00
470,299,2024-07-25T05:47:41.894722+00:00
471,820,2024-07-25T05:47:41.894855+00:00
472,1006,2024-07-25T05:47:41.894988+00:00
473,803,2024-07-25T05:47:41.895121+00:00
474,464,2024-07-25T05:47:41.895254+00:00
475,354,2024-07-25T05:47:41.895388+00:00
476,754,2024-07-25T05:47:41.895520+00:00
477,897,2024-07-25T05:47:41.895657+00:00
478,244,2024-07-25T05:47:41.895790+00:00
479,1036,2024-07-25T05:47:41.895923+00:00
480,573,2024-07-25T05:47:41.896060+00:00
481,316,2024-07-25T05:47:41.896193+00:00
482,506,2024-07-25T05:47:41.896326+00:00
483,787,2024-07-25T05:47:41.896463+00:00
484,465,2024-07-25T05:47:41.896597+00:00
485,329,2024-07-25T05:47:41.896729+00:00
486,985,2024-07-25T05:47:41.896863+00:00
487,587,2024-07-25T05:47:41.896996+00:00
488,1223,2024-07-25T05:47:41.897130+00:00
489,532,2024-07-25T05:47:41.897263+00:00
490,618,2024-07-25T05:47:41.897396+00:00
491,1007,2024-07-25T05:47:41.897533+00:00
492,313,2024-07-25T05:47:41.897666+00:00
493,237,2024-07-25T05:47:41.897800+00:00
494,269,2024-07-25T05:47:41.897933+00:00
495,1058,2024-07-25T05:47:41.898066+00:00
496,401,2024-07-25T05:47:41.898207+00:00
497,957,2024-07-25T05:47:41.898340+00:00
498,631,2024-07-25T05:47:41.898477+00:00
499,658,2024-07-25T05:47:41.898609+00:00
500,518,2024-07-25T05:47:41.898743+00:00
501,967,2024-07-25T05:47:41.898876+00:00
502,1089,2024-07-25T05:47:41.899013+00:00
503,765,2024-07-25T05:47:41.899146+00:00
504,1095,2024-07-25T05:47:41.899284+00:00
505,1004,2024-07-25T05:47:41.899417+00:00
506,646,2024-07-25T05:47:41.899550+00:00
507,1013,2024-07-25T05:47:41.899683+00:00
508,1059,2024-07-25T05:47:41.899817+00:00
509,1213,2024-07-25T05:47:41.899950+00:00
510,442,2024-07-25T05:47:41.900083+00:00
511,1176,2024-07-25T05:47:41.900216+00:00
512,542,2024-07-25T05:47:41.900349+00:00
513,570,2024-07-25T05:47:41.900485+00:00
514,279,2024-07-25T05:47:41.900618+00:00
515,848,2024-07-25T05:47:41.900751+00:00
516,366,2024-07-25T05:47:41.900884+00:00
517,1017,2024-07-25T05:47:41.901017+00:00
518,694,2024-07-25T05:47:41.901150+00:00
519,663,2024-07-25T05:47:41.901287+00:00
520,318,2024-07-25T05:47:41.901420+00:00
521,1116,2024-07-25T05:47:41.901553+00:00
522,1045,2024-07-25T05:47:41.901686+00:00
523,661,2024-07-25T05:47:41.901819+00:00
524,958,2024-07-25T05:47:41.901955+00:00
525,731,2024-07-25T05:47:41.902088+00:00
526,552,2024-07-25T05:47:41.902221+00:00
527,328,2024-07-25T05:47:41.902379+00:00
528,830,2024-07-25T05:47:41.902516+00:00
529,951,2024-07-25T05:47:41.902649+00:00
530,868,2024-07-25T05:47:41.902782+00:00
531,999,2024-07-25T05:47:41.902914+00:00
532,598,2024-07-25T05:47:41.903048+00:00
533,428,2024-07-25T05:47:41.903181+00:00
534,837,2024-07-25T05:47:41.903314+00:00
535,389,2024-07-25T05:47:41.903447+00:00
536,662,2024-07-25T05:47:41.903580+00:00
537,1019,2024-07-25T05:47:41.903713+00:00
538,747,2024-07-25T05:47:41.903846+00:00
539,849,2024-07-25T05:47:41.903982+00:00
540,940,2024-07-25T05:47:41.904115+00:00
541,1185,2024-07-25T05:47:41.904248+00:00
542,1143,2024-07-25T05:47:41.904384+00:00
543,687,2024-07-25T05:47:41.904517+00:00
544,303,2024-07-25T05:47:41.904650+00:00
545,1202,2024-07-25T05:47:41.904783+00:00
546,850,2024-07-25T05:47:41.904917+00:00
547,1091,2024-07-25T05:47:41.905053+00:00
548,858,2024-07-25T05:47:41.905186+00:00
549,1168,2024-07-25T05:47:41.905319+00:00
550,739,2024-07-25T05:47:41.905453+00:00
551,1081,2024-07-25T05:47:41.905586+00:00
552,908,2024-07-25T05:47:41.905719+00:00
553,315,2024-07-25T05:47:41.905852+00:00
554,715,2024-07-25T05:47:41.905985+00:00
555,779,2024-07-25T05:47:41.906118+00:00
556,1216,2024-07-25T05:47:41.906257+00:00
557,240,2024-07-25T05:47:41.906390+00:00
558,652,2024-07-25T05:47:41.906523+00:00
559,518,2024-07-25T05:47:41.906656+00:00
560,591,2024-07-25T05:47:41.906789+00:00
561,841,2024-07-25T05:47:41.906922+00:00
562,989,2024-07-25T05:47:41.907055+00:00
563,576,2024-07-25T05:47:41.907188+00:00
564,799,2024-07-25T05:47:41.907321+00:00
565,851,2024-07-25T05:47:41.907454+00:00
566,1112,2024-07-25T05:47:41.907587+00:00
567,1226,2024-07-25T05:47:41.907720+00:00
568,894,2024-07-25T05:47:41.907853+00:00
569,642,2024-07-25T05:47:41.907986+00:00
570,841,2024-07-25T05:47:41.908119+00:00
571,540,2024-07-25T05:47:41.908252+00:00
572,378,2024-07-25T05:47:41.908385+00:00
573,406,2024-07-25T05:47:41.908518+00:00
574,470,2024-07-25T05:47:41.908651+00:00
575,638,2024-07-25T05:47:41.908788+00:00
576,1062,2024-07-25T05:47:41.908921+00:00
577,721,2024-07-25T05:47:41.909057+00:00
578,737,2024-07-25T05:47:41.909190+00:00
579,629,2024-07-25T05:47:41.909328+00:00
580,1053,2024-07-25T05:47:41.909461+00:00
581,608,2024-07-25T05:47:41.909594+00:00
582,270,2024-07-25T05:47:41.909727+00:00
583,1108,2024-07-25T05:47:41.909860+00:00
584,914,2024-07-25T05:47:41.909993+00:00
585,761,2024-07-25T05:47:41.910129+00:00
586,587,2024-07-25T05:47:41.910262+00:00
587,318,2024-07-25T05:47:41.910398+00:00
588,1104,2024-07-25T05:47:41.910531+00:00
589,273,2024-07-25T05:47:41.910668+00:00
590,585,2024-07-25T05:47:41.910801+00:00
591,478,2024-07-25T05:47:41.910934+00:00
592,870,2024-07-25T05:47:41.911067+00:00
593,492,2024-07-25T05:47:41.911200+00:00
594,1126,2024-07-25T05:47:41.911337+00:00
595,769,2024-07-25T05:47:41.911471+00:00
596,1100,2024-07-25T05:47:41.911605+00:00
597,508,2024-07-25T05:47:41.911750+00:00
598,632,2024-07-25T05:47:41.911883+00:00
599,691,2024-07-25T05:47:41.912016+00:00
600,257,2024-07-25T05:47:41.912153+00:00
601,1003,2024-07-25T05:47:41.912286+00:00
602,528,2024-07-25T05:47:41.912419+00:00
603,282,2024-07-25T05:47:41.912556+00:00
604,417,2024-07-25T05:47:41.912689+00:00
605,530,2024-07-25T05:47:41.912822+00:00
606,987,2024-07-25T05:47:41.912955+00:00
607,363,2024-07-25T05:47:41.913088+00:00
608,899,2024-07-25T05:47:41.913229+00:00
609,443,2024-07-25T05:47:41.913365+00:00
610,687,2024-07-25T05:47:41.913499+00:00
611,673,2024-07-25T05:47:41.913632+00:00
612,1098,2024-07-25T05:47:41.913765+00:00
613,676,2024-07-25T05:47:41.913898+00:00
614,1041,2024-07-25T05:47:41.914031+00:00
615,1008,2024-07-25T05:47:41.914171+00:00
616,1982,2024-07-25T05:47:41.914306+00:00
617,1668,2024-07-25T05:47:41.914441+00:00
618,1900,2024-07-25T05:47:41.914575+00:00
619,2183,2024-07-25T05:47:41.914709+00:00
620,1875,2024-07-25T05:47:41.914843+00:00
621,1561,2024-07-25T05:47:41.914977+00:00
622,1969,2024-07-25T05:47:41.915111+00:00
623,1856,2024-07-25T05:47:41.915245+00:00
624,2104,2024-07-25T05:47:41.915379+00:00
625,2138,2024-07-25T05:47:41.915514+00:00
626,2012,2024-07-25T05:47:41.915648+00:00
627,1474,2024-07-25T05:47:41.915782+00:00
628,1740,2024-07-25T05:47:41.915916+00:00
629,1512,2024-07-25T05:47:41.916050+00:00
630,2230,2024-07-25T05:47:41.916184+00:00
631,1703,2024-07-25T05:47:41.916318+00:00
632,1823,2024-07-25T05:47:41.916453+00:00
633,1725,2024-07-25T05:47:41.916587+00:00
634,1943,2024-07-25T05:47:41.916721+00:00
635,1290,2024-07-25T05:47:41.916855+00:00
636,1467,2024-07-25T05:47:41.916989+00:00
637,2066,2024-07-25T05:47:41.917127+00:00
638,1389,2024-07-25T05:47:41.917261+00:00
639,1607,2024-07-25T05:47:41.917395+00:00
640,1558,2024-07-25T05:47:41.917529+00:00
641,1234,2024-07-25T05:47:41.917663+00:00
642,1493,2024-07-25T05:47:41.917797+00:00
643,2072,2024-07-25T05:47:41.917931+00:00
644,1669,2024-07-25T05:47:41.918069+00:00
645,2001,2024-07-25T05:47:41.918203+00:00
646,1749,2024-07-25T05:47:41.918338+00:00
647,1535,2024-07-25T05:47:41.918472+00:00
648,1282,2024-07-25T05:47:41.918606+00:00
649,2186,2024-07-25T05:47:41.918740+00:00
650,1372,2024-07-25T05:47:41.918882+00:00
651,1666,2024-07-25T05:47:41.919020+00:00
652,1481,2024-07-25T05:47:41.919154+00:00
653,1954,2024-07-25T05:47:41.919289+00:00
654,1849,2024-07-25T05:47:41.919423+00:00
655,1874,2024-07-25T05:47:41.919557+00:00
656,2002,2024-07-25T05:47:41.919692+00:00
657,1556,2024-07-25T05:47:41.919826+00:00
658,1525,2024-07-25T05:47:41.919960+00:00
659,1849,2024-07-25T05:47:41.920094+00:00
660,1263,2024-07-25T05:47:41.920228+00:00
661,2001,2024-07-25T05:47:41.920363+00:00
662,2134,2024-07-25T05:47:41.920508+00:00
663,2032,2024-07-25T05:47:41.920642+00:00
664,2055,2024-07-25T05:47:41.920777+00:00
665,2196,2024-07-25T05:47:41.920911+00:00
666,2156,2024-07-25T05:47:41.921045+00:00
667,1472,2024-07-25T05:47:41.921179+00:00
668,1403,2024-07-25T05:47:41.921314+00:00
669,1309,2024-07-25T05:47:41.921448+00:00
670,1382,2024-07-25T05:47:41.921601+00:00
671,2215,2024-07-25T05:47:41.921755+00:00
672,1829,2024-07-25T05:47:41.921890+00:00
673,1256,2024-07-25T05:47:41.922043+00:00
674,1722,2024-07-25T05:47:41.922177+00:00
675,1256,2024-07-25T05:47:41.922314+00:00
676,1583,2024-07-25T05:47:41.922449+00:00
677,1739,2024-07-25T05:47:41.922590+00:00
678,1943,2024-07-25T05:47:41.922736+00:00
679,2143,2024-07-25T05:47:41.922870+00:00
680,1831,2024-07-25T05:47:41.923004+00:00
681,1787,2024-07-25T05:47:41.923138+00:00
682,1909,2024-07-25T05:47:41.923291+00:00
683,2097,2024-07-25T05:47:41.923429+00:00
684,2004,2024-07-25T05:47:41.923563+00:00
685,1897,2024-07-25T05:47:41.923697+00:00
686,1888,2024-07-25T05:47:41.923831+00:00
687,1725,2024-07-25T05:47:41.923969+00:00
688,1535,2024-07-25T05:47:41.924103+00:00
689,1965,2024-07-25T05:47:41.924238+00:00
690,1985,2024-07-25T05:47:41.924373+00:00
691,2023,2024-07-25T05:47:41.924541+00:00
692,1878,2024-07-25T05:47:41.924675+00:00
693,1379,2024-07-25T05:47:41.924809+00:00
694,1796,2024-07-25T05:47:41.924943+00:00
695,2045,2024-07-25T05:47:41.925077+00:00
696,1306,2024-07-25T05:47:41.925212+00:00
697,1869,2024-07-25T05:47:41.925346+00:00
698,2143,2024-07-25T05:47:41.925480+00:00
699,1384,2024-07-25T05:47:41.925614+00:00
700,1652,2024-07-25T05:47:41.925749+00:00
701,1781,2024-07-25T05:47:41.925887+00:00
702,1990,2024-07-25T05:47:41.926021+00:00
703,1311,2024-07-25T05:47:41.926155+00:00
704,1622,2024-07-25T05:47:41.926289+00:00
705,2130,2024-07-25T05:47:41.926423+00:00
706,1830,2024-07-25T05:47:41.926557+00:00
707,1456,2024-07-25T05:47:41.926692+00:00
708,2098,2024-07-25T05:47:41.926826+00:00
709,1691,2024-07-25T05:47:41.926960+00:00
710,1836,2024-07-25T05:47:41.927094+00:00
711,1678,2024-07-25T05:47:41.927228+00:00
712,1452,2024-07-25T05:47:41.927363+00:00
713,1930,2024-07-25T05:47:41.927523+00:00
714,1330,2024-07-25T05:47:41.927657+00:00
715,1439,2024-07-25T05:47:41.927794+00:00
716,1722,2024-07-25T05:47:41.927928+00:00
717,1354,2024-07-25T05:47:41.928062+00:00
718,1259,2024-07-25T05:47:41.928197+00:00
719,1420,2024-07-25T05:47:41.928338+00:00
720,2074,2024-07-25T05:47:41.928476+00:00
721,1276,2024-07-25T05:47:41.928609+00:00
722,1658,2024-07-25T05:47:41.928744+00:00
723,1382,2024-07-25T05:47:41.928878+00:00
724,1505,2024-07-25T05:47:41.929012+00:00
725,1472,2024-07-25T05:47:41.929146+00:00
726,1248,2024-07-25T05:47:41.929285+00:00
727,1836,2024-07-25T05:47:41.929422+00:00
728,1509,2024-07-25T05:47:41.929557+00:00
729,1977,2024-07-25T05:47:41.929691+00:00
730,2081,2024-07-25T05:47:41.929829+00:00
731,1953,2024-07-25T05:47:41.929963+00:00
732,1435,2024-07-25T05:47:41.930097+00:00
733,2090,2024-07-25T05:47:41.930231+00:00
734,1660,2024-07-25T05:47:41.930366+00:00
735,1243,2024-07-25T05:47:41.930499+00:00
736,1247,2024-07-25T05:47:41.930634+00:00
737,1669,2024-07-25T05:47:41.930768+00:00
738,1557,2024-07-25T05:47:41.930902+00:00
739,1594,2024-07-25T05:47:41.931036+00:00
740,1822,2024-07-25T05:47:41.931170+00:00
741,1370,2024-07-25T05:47:41.931308+00:00
742,2128,2024-07-25T05:47:41.931442+00:00
743,1901,2024-07-25T05:47:41.931576+00:00
744,1722,2024-07-25T05:47:41.931710+00:00
745,1974,2024-07-25T05:47:41.931844+00:00
746,1983,2024-07-25T05:47:41.931978+00:00
747,1977,2024-07-25T05:47:41.932112+00:00
748,1661,2024-07-25T05:47:41.932247+00:00
749,1628,2024-07-25T05:47:41.932384+00:00
750,1414,2024-07-25T05:47:41.932519+00:00
751,2225,2024-07-25T05:47:41.932653+00:00
752,1839,2024-07-25T05:47:41.932787+00:00
753,2174,2024-07-25T05:47:41.932921+00:00
754,2004,2024-07-25T05:47:41.933055+00:00
755,1656,2024-07-25T05:47:41.933193+00:00
756,1632,2024-07-25T05:47:41.933327+00:00
757,1473,2024-07-25T05:47:41.933461+00:00
758,1763,2024-07-25T05:47:41.933595+00:00
759,1729,2024-07-25T05:47:41.933732+00:00
760,1933,2024-07-25T05:47:41.933868+00:00
761,1331,2024-07-25T05:47:41.934002+00:00
762,1697,2024-07-25T05:47:41.934137+00:00
763,1710,2024-07-25T05:47:41.934271+00:00
764,1519,2024-07-25T05:47:41.934408+00:00
765,2216,2024-07-25T05:47:41.934542+00:00
766,1439,2024-07-25T05:47:41.934677+00:00
767,2005,2024-07-25T05:47:41.934811+00:00
768,2105,2024-07-25T05:47:41.934945+00:00
769,1301,2024-07-25T05:47:41.935079+00:00
770,1315,2024-07-25T05:47:41.935213+00:00
771,1886,2024-07-25T05:47:41.935347+00:00
772,2176,2024-07-25T05:47:41.935484+00:00
773,1269,2024-07-25T05:47:41.935619+00:00
774,1535,2024-07-25T05:47:41.935753+00:00
775,1925,2024-07-25T05:47:41.935890+00:00
776,1538,2024-07-25T05:47:41.936024+00:00
777,1836,2024-07-25T05:47:41.936158+00:00
778,1962,2024-07-25T05:47:41.936293+00:00
779,1517,2024-07-25T05:47:41.936427+00:00
780,1798,2024-07-25T05:47:41.936561+00:00
781,1304,2024-07-25T05:47:41.936695+00:00
782,1838,2024-07-25T05:47:41.936829+00:00
783,1759,2024-07-25T05:47:41.936963+00:00
784,1530,2024-07-25T05:47:41.937097+00:00
785,1538,2024-07-25T05:47:41.937232+00:00
786,1796,2024-07-25T05:47:41.937366+00:00
787,1665,2024-07-25T05:47:41.937500+00:00
788,1453,2024-07-25T05:47:41.937635+00:00
789,1688,2024-07-25T05:47:41.937772+00:00
790,2006,2024-07-25T05:47:41.937906+00:00
791,1658,2024-07-25T05:47:41.938040+00:00
792,2045,2024-07-25T05:47:41.938174+00:00
793,1308,2024-07-25T05:47:41.938308+00:00
794,1730,2024-07-25T05:47:41.938442+00:00
795,1275,2024-07-25T05:47:41.938576+00:00
796,1901,2024-07-25T05:47:41.938714+00:00
797,1641,2024-07-25T05:47:41.938848+00:00
798,1550,2024-07-25T05:47:41.938982+00:00
799,2175,2024-07-25T05:47:41.939116+00:00
800,1849,2024-07-25T05:47:41.939256+00:00
801,1497,2024-07-25T05:47:41.939390+00:00
802,2109,2024-07-25T05:47:41.939525+00:00
803,1319,2024-07-25T05:47:41.939659+00:00
804,2040,2024-07-25T05:47:41.939794+00:00
805,1342,2024-07-25T05:47:41.939928+00:00
806,1894,2024-07-25T05:47:41.940062+00:00
807,1974,2024-07-25T05:47:41.940196+00:00
808,1335,2024-07-25T05:47:41.940330+00:00
809,2191,2024-07-25T05:47:41.940464+00:00
810,1358,2024-07-25T05:47:41.940599+00:00
811,2137,2024-07-25T05:47:41.940733+00:00
812,1909,2024-07-25T05:47:41.940867+00:00
813,1932,2024-07-25T05:47:41.941001+00:00
814,1913,2024-07-25T05:47:41.941135+00:00
815,1753,2024-07-25T05:47:41.941269+00:00
816,1659,2024-07-25T05:47:41.941403+00:00
817,1971,2024-07-25T05:47:41.941541+00:00
818,2011,2024-07-25T05:47:41.941675+00:00
819,1443,2024-07-25T05:47:41.941809+00:00
820,2110,2024-07-25T05:47:41.941943+00:00
821,1797,2024-07-25T05:47:41.942077+00:00
822,1231,2024-07-25T05:47:41.942211+00:00
823,2169,2024-07-25T05:47:41.942345+00:00
824,1402,2024-07-25T05:47:41.942479+00:00
825,1395,2024-07-25T05:47:41.942613+00:00
826,1985,2024-07-25T05:47:41.942748+00:00
827,1253,2024-07-25T05:47:41.942882+00:00
828,2203,2024-07-25T05:47:41.943017+00:00
829,1546,2024-07-25T05:47:41.943151+00:00
830,2188,2024-07-25T05:47:41.943285+00:00
831,1737,2024-07-25T05:47:41.943419+00:00
832,1914,2024-07-25T05:47:41.943553+00:00
833,1627,2024-07-25T05:47:41.943688+00:00
834,2216,2024-07-25T05:47:41.943822+00:00
835,1609,2024-07-25T05:47:41.943956+00:00
836,2156,2024-07-25T05:47:41.944090+00:00
837,1597,2024-07-25T05:47:41.944224+00:00
838,1700,2024-07-25T05:47:41.944359+00:00
839,1614,2024-07-25T05:47:41.944493+00:00
840,1517,2024-07-25T05:47:41.944627+00:00
841,1943,2024-07-25T05:47:41.944761+00:00
842,2015,2024-07-25T05:47:41.944895+00:00
843,1840,2024-07-25T05:47:41.945029+00:00
844,2210,2024-07-25T05:47:41.945163+00:00
845,1944,2024-07-25T05:47:41.945313+00:00
846,1657,2024-07-25T05:47:41.945447+00:00
847,1408,2024-07-25T05:47:41.945581+00:00
848,1757,2024-07-25T05:47:41.945716+00:00
849,1422,2024-07-25T05:47:41.945850+00:00
850,1818,2024-07-25T05:47:41.945985+00:00
851,1399,2024-07-25T05:47:41.946119+00:00
852,1558,2024-07-25T05:47:41.946253+00:00
853,2143,2024-07-25T05:47:41.946387+00:00
854,2011,2024-07-25T05:47:41.946522+00:00
855,1388,2024-07-25T05:47:41.946656+00:00
856,1883,2024-07-25T05:47:41.946790+00:00
857,1353,2024-07-25T05:47:41.946924+00:00
858,1472,2024-07-25T05:47:41.947062+00:00
859,1277,2024-07-25T05:47:41.947196+00:00
860,2139,2024-07-25T05:47:41.947330+00:00
861,1586,2024-07-25T05:47:41.947468+00:00
862,1529,2024-07-25T05:47:41.947602+00:00
863,1813,2024-07-25T05:47:41.947736+00:00
864,1336,2024-07-25T05:47:41.947871+00:00
865,1872,2024-07-25T05:47:41.948023+00:00
866,1661,2024-07-25T05:47:41.948173+00:00
867,1545,2024-07-25T05:47:41.948307+00:00
868,1865,2024-07-25T05:47:41.948441+00:00
869,1541,2024-07-25T05:47:41.948576+00:00
870,1659,2024-07-25T05:47:41.948713+00:00
871,1338,2024-07-25T05:47:41.948847+00:00
872,1921,2024-07-25T05:47:41.948981+00:00
873,1750,2024-07-25T05:47:41.949119+00:00
874,2201,2024-07-25T05:47:41.949255+00:00
875,1443,2024-07-25T05:47:41.949392+00:00
876,1491,2024-07-25T05:47:41.949527+00:00
877,2177,2024-07-25T05:47:41.949661+00:00
878,2050,2024-07-25T05:47:41.949795+00:00
879,1481,2024-07-25T05:47:41.949929+00:00
880,1317,2024-07-25T05:47:41.950066+00:00
881,2142,2024-07-25T05:47:41.950200+00:00
882,1645,2024-07-25T05:47:41.950334+00:00
883,1678,2024-07-25T05:47:41.950469+00:00
884,2035,2024-07-25T05:47:41.950603+00:00
885,1971,2024-07-25T05:47:41.950737+00:00
886,1458,2024-07-25T05:47:41.950871+00:00
887,2193,2024-07-25T05:47:41.951013+00:00
888,1342,2024-07-25T05:47:41.951147+00:00
889,1382,2024-07-25T05:47:41.951284+00:00
890,1894,2024-07-25T05:47:41.951419+00:00
891,1953,2024-07-25T05:47:41.951553+00:00
892,1508,2024-07-25T05:47:41.951687+00:00
893,1880,2024-07-25T05:47:41.951829+00:00
894,2227,2024-07-25T05:47:41.951963+00:00
895,1591,2024-07-25T05:47:41.952097+00:00
896,1253,2024-07-25T05:47:41.952240+00:00
897,1420,2024-07-25T05:47:41.952374+00:00
898,1903,2024-07-25T05:47:41.952511+00:00
899,1904,2024-07-25T05:47:41.952646+00:00
900,1301,2024-07-25T05:47:41.952780+00:00
901,1688,2024-07-25T05:47:41.952914+00:00
902,2034,2024-07-25T05:47:41.953048+00:00
903,2046,2024-07-25T05:47:41.953182+00:00
904,1266,2024-07-25T05:47:41.953316+00:00
905,1504,2024-07-25T05:47:41.953450+00:00
906,2172,2024-07-25T05:47:41.953585+00:00
907,1847,2024-07-25T05:47:41.953719+00:00
908,1830,2024-07-25T05:47:41.953853+00:00
909,1580,2024-07-25T05:47:41.953987+00:00
910,1856,2024-07-25T05:47:41.954122+00:00
911,1269,2024-07-25T05:47:41.954256+00:00
912,1791,2024-07-25T05:47:41.954390+00:00
913,1573,2024-07-25T05:47:41.954524+00:00
914,2030,2024-07-25T05:47:41.954658+00:00
915,1583,2024-07-25T05:47:41.954792+00:00
916,2061,2024-07-25T05:47:41.954926+00:00
917,1424,2024-07-25T05:47:41.955061+00:00
918,2111,2024-07-25T05:47:41.955195+00:00
919,2112,2024-07-25T05:47:41.955329+00:00
920,1615,2024-07-25T05:47:41.955463+00:00
921,1657,2024-07-25T05:47:41.955597+00:00
922,1311,2024-07-25T05:47:41.955731+00:00
923,1275,2024-07-25T05:47:41.955865+00:00
924,1558,2024-07-25T05:47:41.955999+00:00
925,1886,2024-07-25T05:47:41.956133+00:00
926,1584,2024-07-25T05:47:41.956268+00:00
927,1992,2024-07-25T05:47:41.956402+00:00
928,2084,2024-07-25T05:47:41.956552+00:00
929,2056,2024-07-25T05:47:41.956693+00:00
930,1947,2024-07-25T05:47:41.956827+00:00
931,1586,2024-07-25T05:47:41.956965+00:00
932,1305,2024-07-25T05:47:41.957099+00:00
933,1583,2024-07-25T05:47:41.957250+00:00
934,1372,2024-07-25T05:47:41.957384+00:00
935,1518,2024-07-25T05:47:41.957522+00:00
936,1393,2024-07-25T05:47:41.957656+00:00
937,1876,2024-07-25T05:47:41.957790+00:00
938,1739,2024-07-25T05:47:41.957941+00:00
939,1685,2024-07-25T05:47:41.958075+00:00
940,2120,2024-07-25T05:47:41.958209+00:00
941,1298,2024-07-25T05:47:41.958355+00:00
942,1498,2024-07-25T05:47:41.958489+00:00
943,1754,2024-07-25T05:47:41.958626+00:00
944,1867,2024-07-25T05:47:41.958760+00:00
945,2193,2024-07-25T05:47:41.958894+00:00
946,2152,2024-07-25T05:47:41.959029+00:00
947,1919,2024-07-25T05:47:41.959163+00:00
948,1853,2024-07-25T05:47:41.959299+00:00
949,2166,2024-07-25T05:47:41.959433+00:00
950,2007,2024-07-25T05:47:41.959568+00:00
951,1569,2024-07-25T05:47:41.959702+00:00
952,1919,2024-07-25T05:47:41.959836+00:00
953,2109,2024-07-25T05:47:41.959970+00:00
954,2068,2024-07-25T05:47:41.960108+00:00
955,1619,2024-07-25T05:47:41.960242+00:00
956,1256,2024-07-25T05:47:41.960376+00:00
957,1471,2024-07-25T05:47:41.960510+00:00
958,2196,2024-07-25T05:47:41.960644+00:00
959,2206,2024-07-25T05:47:41.960782+00:00
960,1748,2024-07-25T05:47:41.960916+00:00
961,1795,2024-07-25T05:47:41.961051+00:00
962,1456,2024-07-25T05:47:41.961185+00:00
963,1976,2024-07-25T05:47:41.961322+00:00
964,2072,2024-07-25T05:47:41.961458+00:00
965,1479,2024-07-25T05:47:41.961592+00:00
966,1630,2024-07-25T05:47:41.961726+00:00
967,1997,2024-07-25T05:47:41.961860+00:00
968,1780,2024-07-25T05:47:41.961995+00:00
969,1955,2024-07-25T05:47:41.962129+00:00
970,2089,2024-07-25T05:47:41.962263+00:00
971,2124,2024-07-25T05:47:41.962397+00:00
972,1569,2024-07-25T05:47:41.962531+00:00
973,1621,2024-07-25T05:47:41.962665+00:00
974,2206,2024-07-25T05:47:41.962799+00:00
975,1295,2024-07-25T05:47:41.962933+00:00
976,1954,2024-07-25T05:47:41.963068+00:00
977,2151,2024-07-25T05:47:41.963205+00:00
978,2193,2024-07-25T05:47:41.963339+00:00
979,1798,2024-07-25T05:47:41.963473+00:00
980,1262,2024-07-25T05:47:41.963607+00:00
981,1735,2024-07-25T05:47:41.963741+00:00
982,1678,2024-07-25T05:47:41.963875+00:00
983,1373,2024-07-25T05:47:41.964009+00:00
984,1272,2024-07-25T05:47:41.964143+00:00
985,1487,2024-07-25T05:47:41.964280+00:00
986,2134,2024-07-25T05:47:41.964415+00:00
987,1349,2024-07-25T05:47:41.964549+00:00
988,2126,2024-07-25T05:47:41.964683+00:00
989,1815,2024-07-25T05:47:41.964817+00:00
990,1246,2024-07-25T05:47:41.964951+00:00
991,1821,2024-07-25T05:47:41.965086+00:00
992,1540,2024-07-25T05:47:41.965221+00:00
993,1828,2024-07-25T05:47:41.965359+00:00
994,1707,2024-07-25T05:47:41.965493+00:00
995,1759,2024-07-25T05:47:41.965627+00:00
996,2006,2024-07-25T05:47:41.965769+00:00
997,1623,2024-07-25T05:47:41.965906+00:00
998,1429,2024-07-25T05:47:41.966040+00:00
999,1821,2024-07-25T05:47:41.966174+00:00
1000,1844,2024-07-25T05:47:41.966308+00:00
1001,2218,2024-07-25T05:47:41.966443+00:00
1002,1730,2024-07-25T05:47:41.966577+00:00
1003,1899,2024-07-25T05:47:41.966711+00:00
1004,2146,2024-07-25T05:47:41.966845+00:00
1005,1708,2024-07-25T05:47:41.966979+00:00
1006,1729,2024-07-25T05:47:41.967116+00:00
1007,1352,2024-07-25T05:47:41.967250+00:00
1008,1334,2024-07-25T05:47:41.967384+00:00
1009,1329,2024-07-25T05:47:41.967518+00:00
1010,1386,2024-07-25T05:47:41.967653+00:00
1011,1422,2024-07-25T05:47:41.967787+00:00
1012,2203,2024-07-25T05:47:41.967921+00:00
1013,1850,2024-07-25T05:47:41.968055+00:00
1014,1347,2024-07-25T05:47:41.968190+00:00
1015,2106,2024-07-25T05:47:41.968324+00:00
1016,1739,2024-07-25T05:47:41.968458+00:00
1017,1815,2024-07-25T05:47:41.968592+00:00
1018,1840,2024-07-25T05:47:41.968727+00:00
1019,1320,2024-07-25T05:47:41.968861+00:00
1020,1812,2024-07-25T05:47:41.968996+00:00
1021,2166,2024-07-25T05:47:41.969130+00:00
1022,1504,2024-07-25T05:47:41.969267+00:00
1023,1275,2024-07-25T05:47:41.969402+00:00
1024,1320,2024-07-25T05:47:41.969537+00:00
1025,1839,2024-07-25T05:47:41.969671+00:00
1026,1819,2024-07-25T05:47:41.969805+00:00
1027,1545,2024-07-25T05:47:41.969939+00:00
1028,1574,2024-07-25T05:47:41.970073+00:00
1029,2042,2024-07-25T05:47:41.970207+00:00
1030,1652,2024-07-25T05:47:41.970342+00:00
1031,1936,2024-07-25T05:47:41.970477+00:00
1032,2175,2024-07-25T05:47:41.970611+00:00
1033,1443,2024-07-25T05:47:41.970745+00:00
1034,1790,2024-07-25T05:47:41.970879+00:00
1035,2042,2024-07-25T05:47:41.971013+00:00
1036,1471,2024-07-25T05:47:41.971148+00:00
1037,1358,2024-07-25T05:47:41.971282+00:00
1038,1853,2024-07-25T05:47:41.971416+00:00
1039,1904,2024-07-25T05:47:41.971550+00:00
1040,2216,2024-07-25T05:47:41.971685+00:00
1041,2012,2024-07-25T05:47:41.971819+00:00
1042,1813,2024-07-25T05:47:41.971953+00:00
1043,1984,2024-07-25T05:47:41.972087+00:00
1044,1796,2024-07-25T05:47:41.972221+00:00
1045,2028,2024-07-25T05:47:41.972355+00:00
1046,2188,2024-07-25T05:47:41.972490+00:00
1047,1310,2024-07-25T05:47:41.972624+00:00
1048,1444,2024-07-25T05:47:41.972758+00:00
1049,1315,2024-07-25T05:47:41.972892+00:00
1050,2178,2024-07-25T05:47:41.973026+00:00
1051,1418,2024-07-25T05:47:41.973160+00:00
1052,1791,2024-07-25T05:47:41.973295+00:00
1053,1233,2024-07-25T05:47:41.973429+00:00
1054,1887,2024-07-25T05:47:41.973563+00:00
1055,1540,2024-07-25T05:47:41.973697+00:00
1056,2049,2024-07-25T05:47:41.973832+00:00
1057,2134,2024-07-25T05:47:41.973966+00:00
1058,1841,2024-07-25T05:47:41.974101+00:00
1059,1666,2024-07-25T05:47:41.974235+00:00
1060,2185,2024-07-25T05:47:41.974369+00:00
1061,2084,2024-07-25T05:47:41.974504+00:00
1062,1384,2024-07-25T05:47:41.974638+00:00
1063,1545,2024-07-25T05:47:41.974772+00:00
1064,1909,2024-07-25T05:47:41.974906+00:00
1065,1989,2024-07-25T05:47:41.975041+00:00
1066,2138,2024-07-25T05:47:41.975175+00:00
1067,1376,2024-07-25T05:47:41.975309+00:00
1068,1260,2024-07-25T05:47:41.975444+00:00
1069,1243,2024-07-25T05:47:41.975578+00:00
1070,2138,2024-07-25T05:47:41.975712+00:00
1071,2160,2024-07-25T05:47:41.975846+00:00
1072,1506,2024-07-25T05:47:41.975980+00:00
1073,1637,2024-07-25T05:47:41.976114+00:00
1074,1603,2024-07-25T05:47:41.976249+00:00
1075,2150,2024-07-25T05:47:41.976382+00:00
1076,2025,2024-07-25T05:47:41.976517+00:00
1077,1745,2024-07-25T05:47:41.976651+00:00
1078,1848,2024-07-25T05:47:41.976785+00:00
1079,1735,2024-07-25T05:47:41.976919+00:00
1080,2212,2024-07-25T05:47:41.977053+00:00
1081,1599,2024-07-25T05:47:41.977187+00:00
1082,1474,2024-07-25T05:47:41.977321+00:00
1083,1322,2024-07-25T05:47:41.977455+00:00
1084,1579,2024-07-25T05:47:41.977589+00:00
1085,1417,2024-07-25T05:47:41.977724+00:00
1086,1847,2024-07-25T05:47:41.977858+00:00
1087,2075,2024-07-25T05:47:41.977995+00:00
1088,1546,2024-07-25T05:47:41.978129+00:00
1089,2139,2024-07-25T05:47:41.978263+00:00
1090,1521,2024-07-25T05:47:41.978398+00:00
1091,2091,2024-07-25T05:47:41.978532+00:00
1092,2188,2024-07-25T05:47:41.978666+00:00
1093,2057,2024-07-25T05:47:41.978800+00:00
1094,1840,2024-07-25T05:47:41.978935+00:00
1095,2104,2024-07-25T05:47:41.979069+00:00
1096,1777,2024-07-25T05:47:41.979206+00:00
1097,1463,2024-07-25T05:47:41.979346+00:00
1098,1920,2024-07-25T05:47:41.979480+00:00
1099,1995,2024-07-25T05:47:41.979614+00:00
1100,1592,2024-07-25T05:47:41.979748+00:00
1101,2114,2024-07-25T05:47:41.979882+00:00
1102,1644,2024-07-25T05:47:41.980020+00:00
1103,1942,2024-07-25T05:47:41.980154+00:00
1104,1678,2024-07-25T05:47:41.980288+00:00
1105,1402,2024-07-25T05:47:41.980427+00:00
1106,1483,2024-07-25T05:47:41.980561+00:00
1107,2008,2024-07-25T05:47:41.980695+00:00
1108,1967,2024-07-25T05:47:41.980830+00:00
1109,2145,2024-07-25T05:47:41.980967+00:00
1110,1872,2024-07-25T05:47:41.981101+00:00
1111,1937,2024-07-25T05:47:41.981235+00:00
1112,1914,2024-07-25T05:47:41.981369+00:00
1113,2010,2024-07-25T05:47:41.981503+00:00
1114,1899,2024-07-25T05:47:41.981637+00:00
1115,2083,2024-07-25T05:47:41.981771+00:00
1116,5916,2024-07-25T05:47:41.981974+00:00
1117,4539,2024-07-25T05:47:41.982178+00:00
1118,5772,2024-07-25T05:47:41.982377+00:00
1119,8103,2024-07-25T05:47:41.982571+00:00
1120,6527,2024-07-25T05:47:41.982764+00:00
1121,5379,2024-07-25T05:47:41.982957+00:00
1122,5436,2024-07-25T05:47:41.983150+00:00
1123,8573,2024-07-25T05:47:41.983343+00:00
1124,11332,2024-07-25T05:47:41.983536+00:00
1125,7222,2024-07-25T05:47:41.983732+00:00
1126,4892,2024-07-25T05:47:41.983944+00:00
1127,3375,2024-07-25T05:47:41.984137+00:00
1128,7014,2024-07-25T05:47:41.984331+00:00
1129,3225,2024-07-25T05:47:41.984523+00:00
1130,10158,2024-07-25T05:47:41.984716+00:00
1131,8732,2024-07-25T05:47:41.984913+00:00
1132,2287,2024-07-25T05:47:41.985106+00:00
1133,7099,2024-07-25T05:47:41.985299+00:00
1134,10354,2024-07-25T05:47:41.985493+00:00
1135,8577,2024-07-25T05:47:41.985690+00:00
1136,7148,2024-07-25T05:47:41.985883+00:00
1137,5334,2024-07-25T05:47:41.986076+00:00
1138,7561,2024-07-25T05:47:41.986269+00:00
1139,8818,2024-07-25T05:47:41.986462+00:00
1140,8560,2024-07-25T05:47:41.986656+00:00
1141,3781,2024-07-25T05:47:41.986850+00:00
1142,9620,2024-07-25T05:47:41.987044+00:00
1143,7221,2024-07-25T05:47:41.987237+00:00
1144,11779,2024-07-25T05:47:41.987431+00:00
1145,10485,2024-07-25T05:47:41.987624+00:00
1146,2882,2024-07-25T05:47:41.987817+00:00
1147,11583,2024-07-25T05:47:41.988010+00:00
1148,6228,2024-07-25T05:47:41.988204+00:00
1149,11306,2024-07-25T05:47:41.988398+00:00
1150,10011,2024-07-25T05:47:41.988591+00:00
1151,12154,2024-07-25T05:47:41.988784+00:00
1152,7707,2024-07-25T05:47:41.988999+00:00
1153,6839,2024-07-25T05:47:41.989192+00:00
1154,11878,2024-07-25T05:47:41.989390+00:00
1155,8402,2024-07-25T05:47:41.989596+00:00
1156,5271,2024-07-25T05:47:41.989792+00:00
1157,8071,2024-07-25T05:47:41.989985+00:00
1158,11937,2024-07-25T05:47:41.990192+00:00
1159,2864,2024-07-25T05:47:41.990388+00:00
1160,11454,2024-07-25T05:47:41.990582+00:00
1161,3351,2024-07-25T05:47:41.990775+00:00
1162,10710,2024-07-25T05:47:41.990968+00:00
1163,3134,2024-07-25T05:47:41.991162+00:00
1164,3378,2024-07-25T05:47:41.991355+00:00
1165,4957,2024-07-25T05:47:41.991550+00:00
1166,10676,2024-07-25T05:47:41.991747+00:00
1167,9306,2024-07-25T05:47:41.991940+00:00
1168,4942,2024-07-25T05:47:41.992138+00:00
1169,8669,2024-07-25T05:47:41.992350+00:00
1170,7438,2024-07-25T05:47:41.992546+00:00
1171,2487,2024-07-25T05:47:41.992743+00:00
1172,3924,2024-07-25T05:47:41.992936+00:00
1173,3844,2024-07-25T05:47:41.993129+00:00
1174,8485,2024-07-25T05:47:41.993322+00:00
1175,3107,2024-07-25T05:47:41.993515+00:00
1176,8296,2024-07-25T05:47:41.993709+00:00
1177,3813,2024-07-25T05:47:41.993902+00:00
1178,6212,2024-07-25T05:47:41.994099+00:00
1179,8100,2024-07-25T05:47:41.994292+00:00
1180,12202,2024-07-25T05:47:41.994485+00:00
1181,9285,2024-07-25T05:47:41.994690+00:00
1182,5896,2024-07-25T05:47:41.994883+00:00
1183,4167,2024-07-25T05:47:41.995079+00:00
1184,10329,2024-07-25T05:47:41.995272+00:00
1185,3272,2024-07-25T05:47:41.995465+00:00
1186,9545,2024-07-25T05:47:41.995658+00:00
1187,5221,2024-07-25T05:47:41.995861+00:00
1188,5811,2024-07-25T05:47:41.996058+00:00
1189,8795,2024-07-25T05:47:41.996272+00:00
1190,2454,2024-07-25T05:47:41.996484+00:00
1191,10228,2024-07-25T05:47:41.996680+00:00
1192,11710,2024-07-25T05:47:41.996874+00:00
1193,5676,2024-07-25T05:47:41.997066+00:00
1194,10439,2024-07-25T05:47:41.997259+00:00
1195,6173,2024-07-25T05:47:41.997452+00:00
1196,10034,2024-07-25T05:47:41.997649+00:00
1197,5353,2024-07-25T05:47:41.997842+00:00
1198,4728,2024-07-25T05:47:41.998035+00:00
1199,7405,2024-07-25T05:47:41.998228+00:00
1200,10987,2024-07-25T05:47:41.998421+00:00
1201,7053,2024-07-25T05:47:41.998614+00:00
1202,8600,2024-07-25T05:47:41.998811+00:00
1203,6342,2024-07-25T05:47:41.999004+00:00
1204,8265,2024-07-25T05:47:41.999197+00:00
1205,3397,2024-07-25T05:47:41.999395+00:00
1206,4004,2024-07-25T05:47:41.999588+00:00
1207,7176,2024-07-25T05:47:41.999786+00:00
1208,9472,2024-07-25T05:47:41.999979+00:00
1209,2325,2024-07-25T05:47:42.000172+00:00
1210,10609,2024-07-25T05:47:42.000366+00:00
1211,5461,2024-07-25T05:47:42.000559+00:00
1212,5264,2024-07-25T05:47:42.000752+00:00
1213,4133,2024-07-25T05:47:42.000945+00:00
1214,7957,2024-07-25T05:47:42.001139+00:00
1215,10076,2024-07-25T05:47:42.001333+00:00
1216,2699,2024-07-25T05:47:42.001527+00:00
1217,10156,2024-07-25T05:47:42.001720+00:00
1218,3924,2024-07-25T05:47:42.001913+00:00
1219,3411,2024-07-25T05:47:42.002106+00:00
1220,9379,2024-07-25T05:47:42.002299+00:00
1221,10835,2024-07-25T05:47:42.002492+00:00
1222,2673,2024-07-25T05:47:42.002685+00:00
1223,6538,2024-07-25T05:47:42.002878+00:00
1224,11171,2024-07-25T05:47:42.003071+00:00
1225,8299,2024-07-25T05:47:42.003265+00:00
1226,5208,2024-07-25T05:47:42.003458+00:00
1227,5044,2024-07-25T05:47:42.003651+00:00
1228,3179,2024-07-25T05:47:42.003844+00:00
1229,2854,2024-07-25T05:47:42.004037+00:00
1230,7991,2024-07-25T05:47:42.004230+00:00
1231,2479,2024-07-25T05:47:42.004423+00:00
1232,7754,2024-07-25T05:47:42.004616+00:00
1233,5092,2024-07-25T05:47:42.004809+00:00
1234,9873,2024-07-25T05:47:42.005003+00:00
1235,3029,2024-07-25T05:47:42.005196+00:00
1236,4670,2024-07-25T05:47:42.005389+00:00
1237,8888,2024-07-25T05:47:42.005582+00:00
1238,5625,2024-07-25T05:47:42.005775+00:00
1239,4511,2024-07-25T05:47:42.005968+00:00
1240,6863,2024-07-25T05:47:42.006161+00:00
1241,4890,2024-07-25T05:47:42.006354+00:00
1242,2462,2024-07-25T05:47:42.006548+00:00
1243,8395,2024-07-25T05:47:42.006741+00:00
1244,5703,2024-07-25T05:47:42.006934+00:00
1245,5101,2024-07-25T05:47:42.007127+00:00
1246,3433,2024-07-25T05:47:42.007323+00:00
1247,10549,2024-07-25T05:47:42.007517+00:00
1248,3328,2024-07-25T05:47:42.007710+00:00
1249,4534,2024-07-25T05:47:42.007906+00:00
1250,2663,2024-07-25T05:47:42.008101+00:00
1251,7296,2024-07-25T05:47:42.008294+00:00
1252,5729,2024-07-25T05:47:42.008487+00:00
1253,11173,2024-07-25T05:47:42.008680+00:00
1254,6061,2024-07-25T05:47:42.008874+00:00
1255,10496,2024-07-25T05:47:42.009067+00:00
1256,4325,2024-07-25T05:47:42.009262+00:00
1257,3437,2024-07-25T05:47:42.009455+00:00
1258,3230,2024-07-25T05:47:42.009648+00:00
1259,10682,2024-07-25T05:47:42.009841+00:00
1260,4304,2024-07-25T05:47:42.010034+00:00
1261,6990,2024-07-25T05:47:42.010227+00:00
1262,3462,2024-07-25T05:47:42.010420+00:00
1263,7436,2024-07-25T05:47:42.010614+00:00
1264,6010,2024-07-25T05:47:42.010807+00:00
1265,2346,2024-07-25T05:47:42.011004+00:00
1266,11352,2024-07-25T05:47:42.011199+00:00
1267,4263,2024-07-25T05:47:42.011393+00:00
1268,4916,2024-07-25T05:47:42.011586+00:00
1269,2376,2024-07-25T05:47:42.011779+00:00
1270,7543,2024-07-25T05:47:42.011972+00:00
1271,4686,2024-07-25T05:47:42.012166+00:00
1272,10116,2024-07-25T05:47:42.012359+00:00
1273,5977,2024-07-25T05:47:42.012552+00:00
1274,7986,2024-07-25T05:47:42.012749+00:00
1275,10158,2024-07-25T05:47:42.012941+00:00
1276,10361,2024-07-25T05:47:42.013134+00:00
1277,9009,2024-07-25T05:47:42.013327+00:00
1278,6424,2024-07-25T05:47:42.013520+00:00
1279,11424,2024-07-25T05:47:42.013713+00:00
1280,6143,2024-07-25T05:47:42.013907+00:00
1281,10587,2024-07-25T05:47:42.014100+00:00
1282,7807,2024-07-25T05:47:42.014294+00:00
1283,6837,2024-07-25T05:47:42.014487+00:00
1284,4222,2024-07-25T05:47:42.014681+00:00
1285,5334,2024-07-25T05:47:42.014875+00:00
1286,10358,2024-07-25T05:47:42.015072+00:00
1287,11762,2024-07-25T05:47:42.015264+00:00
1288,12149,2024-07-25T05:47:42.015457+00:00
1289,4088,2024-07-25T05:47:42.015650+00:00
1290,3545,2024-07-25T05:47:42.015843+00:00
1291,7649,2024-07-25T05:47:42.016036+00:00
1292,7395,2024-07-25T05:47:42.016230+00:00
1293,4027,2024-07-25T05:47:42.016422+00:00
1294,10182,2024-07-25T05:47:42.016615+00:00
1295,10436,2024-07-25T05:47:42.016808+00:00
1296,12204,2024-07-25T05:47:42.017001+00:00
1297,3825,2024-07-25T05:47:42.017194+00:00
1298,6084,2024-07-25T05:47:42.017387+00:00
1299,3217,2024-07-25T05:47:42.017580+00:00
1300,11937,2024-07-25T05:47:42.017773+00:00
1301,4839,2024-07-25T05:47:42.017966+00:00
1302,4135,2024-07-25T05:47:42.018159+00:00
1303,3450,2024-07-25T05:47:42.018352+00:00
1304,4471,2024-07-25T05:47:42.018545+00:00
1305,8714,2024-07-25T05:47:42.018738+00:00
1306,5967,2024-07-25T05:47:42.018943+00:00
1307,12094,2024-07-25T05:47:42.019136+00:00
1308,6041,2024-07-25T05:47:42.019331+00:00
1309,6518,2024-07-25T05:47:42.019523+00:00
1310,11771,2024-07-25T05:47:42.019717+00:00
1311,7264,2024-07-25T05:47:42.019910+00:00
1312,11341,2024-07-25T05:47:42.020102+00:00
1313,3599,2024-07-25T05:47:42.020295+00:00
1314,7488,2024-07-25T05:47:42.020488+00:00
1315,5014,2024-07-25T05:47:42.020682+00:00
1316,2767,2024-07-25T05:47:42.020875+00:00
1317,8247,2024-07-25T05:47:42.021068+00:00
1318,6520,2024-07-25T05:47:42.021262+00:00
1319,4776,2024-07-25T05:47:42.021455+00:00
1320,8236,2024-07-25T05:47:42.021648+00:00
1321,10207,2024-07-25T05:47:42.021841+00:00
1322,7191,2024-07-25T05:47:42.022034+00:00
1323,8987,2024-07-25T05:47:42.022227+00:00
1324,5234,2024-07-25T05:47:42.022421+00:00
1325,8418,2024-07-25T05:47:42.022614+00:00
1326,2359,2024-07-25T05:47:42.022807+00:00
1327,4361,2024-07-25T05:47:42.023000+00:00
1328,6613,2024-07-25T05:47:42.023193+00:00
1329,4093,2024-07-25T05:47:42.023386+00:00
1330,5240,2024-07-25T05:47:42.023579+00:00
1331,9657,2024-07-25T05:47:42.023772+00:00
1332,2504,2024-07-25T05:47:42.023965+00:00
1333,5404,2024-07-25T05:47:42.024158+00:00
1334,8680,2024-07-25T05:47:42.024352+00:00
1335,2753,2024-07-25T05:47:42.024545+00:00
1336,8854,2024-07-25T05:47:42.024738+00:00
1337,12131,2024-07-25T05:47:42.024931+00:00
1338,10174,2024-07-25T05:47:42.025124+00:00
1339,11730,2024-07-25T05:47:42.025317+00:00
1340,5573,2024-07-25T05:47:42.025510+00:00
1341,3093,2024-07-25T05:47:42.025703+00:00
1342,8282,2024-07-25T05:47:42.025897+00:00
1343,8956,2024-07-25T05:47:42.026089+00:00
1344,10433,2024-07-25T05:47:42.026282+00:00
1345,2307,2024-07-25T05:47:42.026475+00:00
1346,5207,2024-07-25T05:47:42.026668+00:00
1347,3728,2024-07-25T05:47:42.026861+00:00
1348,2584,2024-07-25T05:47:42.027054+00:00
1349,9698,2024-07-25T05:47:42.027247+00:00
1350,3480,2024-07-25T05:47:42.027440+00:00
1351,6075,2024-07-25T05:47:42.027633+00:00
1352,5484,2024-07-25T05:47:42.027826+00:00
1353,7579,2024-07-25T05:47:42.028019+00:00
1354,6689,2024-07-25T05:47:42.028212+00:00
1355,7640,2024-07-25T05:47:42.028405+00:00
1356,10323,2024-07-25T05:47:42.028598+00:00
1357,8599,2024-07-25T05:47:42.028791+00:00
1358,11031,2024-07-25T05:47:42.028984+00:00
1359,7124,2024-07-25T05:47:42.029177+00:00
1360,10302,2024-07-25T05:47:42.029373+00:00
1361,4114,2024-07-25T05:47:42.029573+00:00
1362,10250,2024-07-25T05:47:42.029766+00:00
1363,12003,2024-07-25T05:47:42.029959+00:00
1364,5540,2024-07-25T05:47:42.030152+00:00
1365,9056,2024-07-25T05:47:42.030346+00:00
1366,5926,2024-07-25T05:47:42.030539+00:00
1367,2695,2024-07-25T05:47:42.030732+00:00
1368,4980,2024-07-25T05:47:42.030925+00:00
1369,3134,2024-07-25T05:47:42.031118+00:00
1370,7882,2024-07-25T05:47:42.031311+00:00
1371,12119,2024-07-25T05:47:42.031504+00:00
1372,11859,2024-07-25T05:47:42.031698+00:00
1373,9402,2024-07-25T05:47:42.031892+00:00
1374,4417,2024-07-25T05:47:42.032085+00:00
1375,12043,2024-07-25T05:47:42.032278+00:00
1376,5857,2024-07-25T05:47:42.032471+00:00
1377,4000,2024-07-25T05:47:42.032664+00:00
1378,4867,2024-07-25T05:47:42.032858+00:00
1379,11908,2024-07-25T05:47:42.033051+00:00
1380,7561,2024-07-25T05:47:42.033244+00:00
1381,3947,2024-07-25T05:47:42.033436+00:00
1382,7697,2024-07-25T05:47:42.033630+00:00
1383,8803,2024-07-25T05:47:42.033823+00:00
1384,2946,2024-07-25T05:47:42.034017+00:00
1385,10195,2024-07-25T05:47:42.034210+00:00
1386,5684,2024-07-25T05:47:42.034403+00:00
1387,12046,2024-07-25T05:47:42.034596+00:00
1388,5681,2024-07-25T05:47:42.034789+00:00
1389,6034,2024-07-25T05:47:42.034983+00:00
1390,5516,2024-07-25T05:47:42.035176+00:00
1391,6638,2024-07-25T05:47:42.035369+00:00
1392,9131,2024-07-25T05:47:42.035561+00:00
1393,6358,2024-07-25T05:47:42.035754+00:00
1394,5506,2024-07-25T05:47:42.035948+00:00
1395,10379,2024-07-25T05:47:42.036140+00:00
1396,6001,2024-07-25T05:47:42.036333+00:00
1397,4341,2024-07-25T05:47:42.036526+00:00
1398,10880,2024-07-25T05:47:42.036719+00:00
1399,8114,2024-07-25T05:47:42.036912+00:00
1400,5964,2024-07-25T05:47:42.037105+00:00
1401,3899,2024-07-25T05:47:42.037322+00:00
1402,8511,2024-07-25T05:47:42.037517+00:00
1403,4518,2024-07-25T05:47:42.037729+00:00
1404,2463,2024-07-25T05:47:42.037922+00:00
1405,7608,2024-07-25T05:47:42.038118+00:00
1406,11871,2024-07-25T05:47:42.038313+00:00
1407,6074,2024-07-25T05:47:42.038515+00:00
1408,3496,2024-07-25T05:47:42.038712+00:00
1409,2729,2024-07-25T05:47:42.038905+00:00
1410,2596,2024-07-25T05:47:42.039098+00:00
1411,6464,2024-07-25T05:47:42.039296+00:00
1412,6629,2024-07-25T05:47:42.039493+00:00
1413,3211,2024-07-25T05:47:42.039690+00:00
1414,6585,2024-07-25T05:47:42.039884+00:00
1415,7069,2024-07-25T05:47:42.040088+00:00
1416,10692,2024-07-25T05:47:42.040281+00:00
1417,3273,2024-07-25T05:47:42.040474+00:00
1418,11977,2024-07-25T05:47:42.040667+00:00
1419,6650,2024-07-25T05:47:42.040871+00:00
1420,4785,2024-07-25T05:47:42.041064+00:00
1421,11169,2024-07-25T05:47:42.041257+00:00
1422,5028,2024-07-25T05:47:42.041451+00:00
1423,5961,2024-07-25T05:47:42.041644+00:00
1424,10552,2024-07-25T05:47:42.041837+00:00
1425,3602,2024-07-25T05:47:42.042034+00:00
1426,7822,2024-07-25T05:47:42.042227+00:00
1427,2291,2024-07-25T05:47:42.042420+00:00
1428,2692,2024-07-25T05:47:42.042614+00:00
1429,4066,2024-07-25T05:47:42.042809+00:00
1430,3895,2024-07-25T05:47:42.043006+00:00
1431,9808,2024-07-25T05:47:42.043199+00:00
1432,4997,2024-07-25T05:47:42.043395+00:00
1433,7971,2024-07-25T05:47:42.043588+00:00
1434,7128,2024-07-25T05:47:42.043800+00:00
1435,8284,2024-07-25T05:47:42.043993+00:00
1436,8392,2024-07-25T05:47:42.044189+00:00
1437,10387,2024-07-25T05:47:42.044382+00:00
1438,4891,2024-07-25T05:47:42.044576+00:00
1439,8712,2024-07-25T05:47:42.044769+00:00
1440,2545,2024-07-25T05:47:42.044962+00:00
1441,9594,2024-07-25T05:47:42.045156+00:00
1442,6373,2024-07-25T05:47:42.045349+00:00
1443,2707,2024-07-25T05:47:42.045542+00:00
1444,6398,2024-07-25T05:47:42.045735+00:00
1445,12199,2024-07-25T05:47:42.045928+00:00
1446,10503,2024-07-25T05:47:42.046121+00:00
1447,10905,2024-07-25T05:47:42.046314+00:00
1448,4586,2024-07-25T05:47:42.046507+00:00
1449,5474,2024-07-25T05:47:42.046700+00:00
1450,4267,2024-07-25T05:47:42.046894+00:00
1451,9855,2024-07-25T05:47:42.047088+00:00
1452,6090,2024-07-25T05:47:42.047281+00:00
1453,3880,2024-07-25T05:47:42.047474+00:00
1454,11080,2024-07-25T05:47:42.047667+00:00
1455,6461,2024-07-25T05:47:42.047861+00:00
1456,6970,2024-07-25T05:47:42.048055+00:00
1457,9154,2024-07-25T05:47:42.048250+00:00
1458,10898,2024-07-25T05:47:42.048444+00:00
1459,6328,2024-07-25T05:47:42.048639+00:00
1460,5238,2024-07-25T05:47:42.048834+00:00
1461,3907,2024-07-25T05:47:42.049031+00:00
1462,7322,2024-07-25T05:47:42.049225+00:00
1463,11527,2024-07-25T05:47:42.049421+00:00
1464,6564,2024-07-25T05:47:42.049615+00:00
1465,9041,2024-07-25T05:47:42.049808+00:00
1466,9917,2024-07-25T05:47:42.050002+00:00
1467,7295,2024-07-25T05:47:42.050195+00:00
1468,9256,2024-07-25T05:47:42.050389+00:00
1469,3380,2024-07-25T05:47:42.050582+00:00
1470,11004,2024-07-25T05:47:42.050777+00:00
1471,3143,2024-07-25T05:47:42.050971+00:00
1472,10209,2024-07-25T05:47:42.051165+00:00
1473,2492,2024-07-25T05:47:42.051358+00:00
1474,10322,2024-07-25T05:47:42.051551+00:00
1475,8374,2024-07-25T05:47:42.051744+00:00
1476,10834,2024-07-25T05:47:42.051937+00:00
1477,3366,2024-07-25T05:47:42.052130+00:00
1478,12004,2024-07-25T05:47:42.052324+00:00
1479,11208,2024-07-25T05:47:42.052517+00:00
1480,9905,2024-07-25T05:47:42.052710+00:00
1481,11938,2024-07-25T05:47:42.052903+00:00
1482,11218,2024-07-25T05:47:42.053096+00:00
1483,5329,2024-07-25T05:47:42.053290+00:00
1484,4788,2024-07-25T05:47:42.053483+00:00
1485,11695,2024-07-25T05:47:42.053676+00:00
1486,9170,2024-07-25T05:47:42.053869+00:00
1487,5858,2024-07-25T05:47:42.054062+00:00
1488,3498,2024-07-25T05:47:42.054255+00:00
1489,9622,2024-07-25T05:47:42.054449+00:00
1490,11843,2024-07-25T05:47:42.054642+00:00
1491,8947,2024-07-25T05:47:42.054835+00:00
1492,11437,2024-07-25T05:47:42.055028+00:00
1493,7962,2024-07-25T05:47:42.055233+00:00
1494,4878,2024-07-25T05:47:42.055426+00:00
1495,4400,2024-07-25T05:47:42.055619+00:00
1496,9232,2024-07-25T05:47:42.055812+00:00
1497,3265,2024-07-25T05:47:42.056006+00:00
1498,4933,2024-07-25T05:47:42.056199+00:00
1499,9658,2024-07-25T05:47:42.056392+00:00
1500,3481,2024-07-25T05:47:42.056585+00:00
1501,9419,2024-07-25T05:47:42.056796+00:00
1502,12192,2024-07-25T05:47:42.056990+00:00
1503,5216,2024-07-25T05:47:42.057183+00:00
1504,8598,2024-07-25T05:47:42.057376+00:00
1505,12049,2024-07-25T05:47:42.057570+00:00
1506,7759,2024-07-25T05:47:42.057763+00:00
1507,6396,2024-07-25T05:47:42.057956+00:00
1508,9483,2024-07-25T05:47:42.058150+00:00
1509,7578,2024-07-25T05:47:42.058343+00:00
1510,3843,2024-07-25T05:47:42.058537+00:00
1511,3375,2024-07-25T05:47:42.058730+00:00
1512,7454,2024-07-25T05:47:42.058924+00:00
1513,6244,2024-07-25T05:47:42.059117+00:00
1514,2727,2024-07-25T05:47:42.059312+00:00
1515,8088,2024-07-25T05:47:42.059505+00:00
1516,4901,2024-07-25T05:47:42.059698+00:00
1517,10658,2024-07-25T05:47:42.059891+00:00
1518,5226,2024-07-25T05:47:42.060085+00:00
1519,6263,2024-07-25T05:47:42.060278+00:00
1520,9955,2024-07-25T05:47:42.060471+00:00
1521,10009,2024-07-25T05:47:42.060664+00:00
1522,7310,2024-07-25T05:47:42.060857+00:00
1523,9333,2024-07-25T05:47:42.061050+00:00
1524,3076,2024-07-25T05:47:42.061244+00:00
1525,8892,2024-07-25T05:47:42.061436+00:00
1526,8108,2024-07-25T05:47:42.061629+00:00
1527,5803,2024-07-25T05:47:42.061823+00:00
1528,3155,2024-07-25T05:47:42.062016+00:00
1529,6629,2024-07-25T05:47:42.062209+00:00
1530,7706,2024-07-25T05:47:42.062402+00:00
1531,2949,2024-07-25T05:47:42.062595+00:00
1532,5931,2024-07-25T05:47:42.062788+00:00
1533,7944,2024-07-25T05:47:42.062981+00:00
1534,11593,2024-07-25T05:47:42.063174+00:00
1535,2289,2024-07-25T05:47:42.063374+00:00
1536,7803,2024-07-25T05:47:42.063567+00:00
1537,3242,2024-07-25T05:47:42.063760+00:00
1538,11409,2024-07-25T05:47:42.063968+00:00
1539,2810,2024-07-25T05:47:42.064161+00:00
1540,2625,2024-07-25T05:47:42.064354+00:00
1541,3290,2024-07-25T05:47:42.064548+00:00
1542,4757,2024-07-25T05:47:42.064741+00:00
1543,10097,2024-07-25T05:47:42.064934+00:00
1544,10227,2024-07-25T05:47:42.065127+00:00
1545,12115,2024-07-25T05:47:42.065356+00:00
1546,12067,2024-07-25T05:47:42.065549+00:00
1547,12191,2024-07-25T05:47:42.065742+00:00
1548,8730,2024-07-25T05:47:42.065936+00:00
1549,4789,2024-07-25T05:47:42.066128+00:00
1550,3644,2024-07-25T05:47:42.066321+00:00
1551,9884,2024-07-25T05:47:42.066514+00:00
1552,3373,2024-07-25T05:47:42.066707+00:00
1553,3607,2024-07-25T05:47:42.066900+00:00
1554,6220,2024-07-25T05:47:42.067094+00:00
1555,8595,2024-07-25T05:47:42.067287+00:00
1556,8093,2024-07-25T05:47:42.067480+00:00
1557,2459,2024-07-25T05:47:42.067673+00:00
1558,4112,2024-07-25T05:47:42.067866+00:00
1559,5644,2024-07-25T05:47:42.068059+00:00
1560,2251,2024-07-25T05:47:42.068252+00:00
1561,8660,2024-07-25T05:47:42.068445+00:00
1562,8864,2024-07-25T05:47:42.068638+00:00
1563,10016,2024-07-25T05:47:42.068831+00:00
1564,11980,2024-07-25T05:47:42.069024+00:00
1565,9020,2024-07-25T05:47:42.069217+00:00
1566,4600,2024-07-25T05:47:42.069412+00:00
1567,3890,2024-07-25T05:47:42.069605+00:00
1568,4231,2024-07-25T05:47:42.069798+00:00
1569,5186,2024-07-25T05:47:42.069991+00:00
1570,11830,2024-07-25T05:47:42.070184+00:00
1571,8736,2024-07-25T05:47:42.070378+00:00
1572,11597,2024-07-25T05:47:42.070571+00:00
1573,3300,2024-07-25T05:47:42.070764+00:00
1574,4065,2024-07-25T05:47:42.070957+00:00
1575,2838,2024-07-25T05:47:42.071150+00:00
1576,5135,2024-07-25T05:47:42.071344+00:00
1577,5888,2024-07-25T05:47:42.071537+00:00
1578,6636,2024-07-25T05:47:42.071731+00:00
1579,7452,2024-07-25T05:47:42.071924+00:00
1580,7827,2024-07-25T05:47:42.072117+00:00
1581,11711,2024-07-25T05:47:42.072310+00:00
1582,10377,2024-07-25T05:47:42.072503+00:00
1583,9646,2024-07-25T05:47:42.072696+00:00
1584,8473,2024-07-25T05:47:42.072889+00:00
1585,5200,2024-07-25T05:47:42.073083+00:00
1586,10944,2024-07-25T05:47:42.073276+00:00
1587,6646,2024-07-25T05:47:42.073469+00:00
1588,4967,2024-07-25T05:47:42.073662+00:00
1589,3823,2024-07-25T05:47:42.073855+00:00
1590,7430,2024-07-25T05:47:42.074048+00:00
1591,10314,2024-07-25T05:47:42.074242+00:00
1592,9921,2024-07-25T05:47:42.074435+00:00
1593,8360,2024-07-25T05:47:42.074627+00:00
1594,3492,2024-07-25T05:47:42.074820+00:00
1595,11018,2024-07-25T05:47:42.075013+00:00
1596,12131,2024-07-25T05:47:42.075207+00:00
1597,11352,2024-07-25T05:47:42.075400+00:00
1598,10351,2024-07-25T05:47:42.075593+00:00
1599,10070,2024-07-25T05:47:42.075785+00:00
1600,3093,2024-07-25T05:47:42.075979+00:00
1601,11531,2024-07-25T05:47:42.076172+00:00
1602,2995,2024-07-25T05:47:42.076365+00:00
1603,10591,2024-07-25T05:47:42.076558+00:00
1604,4732,2024-07-25T05:47:42.076758+00:00
1605,11210,2024-07-25T05:47:42.076952+00:00
1606,9063,2024-07-25T05:47:42.077145+00:00
1607,5548,2024-07-25T05:47:42.077338+00:00
1608,3390,2024-07-25T05:47:42.077532+00:00
1609,6132,2024-07-25T05:47:42.077724+00:00
1610,6225,2024-07-25T05:47:42.077917+00:00
1611,5560,2024-07-25T05:47:42.078110+00:00
1612,9180,2024-07-25T05:47:42.078303+00:00
1613,2633,2024-07-25T05:47:42.078497+00:00
1614,10963,2024-07-25T05:47:42.078690+00:00
1615,8400,2024-07-25T05:47:42.078885+00:00
